,Latitude,Longitude,Altitude,UTC-Time,Date,filename,lat,lon,name,admin1,City,Country
0,-38.76,143.67,2,2,2,2,-38.7594,143.67219,Apollo Bay,Victoria,Colac-Otway,Australia
1,-38.67,143.1,2,2,2,2,-38.7594,143.67219,Apollo Bay,Victoria,Colac-Otway,Australia
2,-38.67,143.11,3,3,3,3,-38.7594,143.67219,Apollo Bay,Victoria,Colac-Otway,Australia
3,-38.67,143.13,1,1,1,1,-38.7594,143.67219,Apollo Bay,Victoria,Colac-Otway,Australia
4,-38.67,143.57,12,12,12,12,-38.7594,143.67219,Apollo Bay,Victoria,Colac-Otway,Australia
5,-38.66,143.1,3,3,3,3,-38.38639,142.59431,Allansford,Victoria,Warrnambool,Australia
6,-38.65,143.06,2,2,2,2,-38.38639,142.59431,Allansford,Victoria,Warrnambool,Australia
7,-38.65,143.07,1,1,1,1,-38.38639,142.59431,Allansford,Victoria,Warrnambool,Australia
8,-38.62,142.91,2,2,2,2,-38.38639,142.59431,Allansford,Victoria,Warrnambool,Australia
9,-38.62,142.99,4,4,4,4,-38.38639,142.59431,Allansford,Victoria,Warrnambool,Australia
10,-38.47,144.1,7,7,7,7,-38.4073,144.18587,Anglesea,Victoria,Surf Coast,Australia
11,-38.38,144.77,12,12,12,12,-38.36131,144.77955,Blairgowrie,Victoria,Mornington Peninsula,Australia
12,-38.37,144.77,1,1,1,1,-38.36131,144.77955,Blairgowrie,Victoria,Mornington Peninsula,Australia
13,-38.37,144.82,4,4,4,4,-38.36667,144.81667,Rye,Victoria,,Australia
14,-38.34,144.74,2,2,2,2,-38.33958,144.74126,Sorrento,Victoria,Mornington Peninsula,Australia
15,-38.34,144.75,4,4,4,4,-38.33958,144.74126,Sorrento,Victoria,Mornington Peninsula,Australia
16,-38.33,144.69,19,19,19,19,-38.33958,144.74126,Sorrento,Victoria,Mornington Peninsula,Australia
17,-38.33,144.7,14,14,14,14,-38.33958,144.74126,Sorrento,Victoria,Mornington Peninsula,Australia
18,-38.33,144.8,1,1,1,1,-38.36131,144.77955,Blairgowrie,Victoria,Mornington Peninsula,Australia
19,-38.28,145.0,2,2,2,2,-38.26667,145.01667,Mount Martha,Victoria,Mornington Peninsula,Australia
20,-38.27,145.0,1,1,1,1,-38.26667,145.01667,Mount Martha,Victoria,Mornington Peninsula,Australia
21,-38.27,145.01,6,6,6,6,-38.26667,145.01667,Mount Martha,Victoria,Mornington Peninsula,Australia
22,-38.22,145.03,1,1,1,1,-38.21792,145.03876,Mornington,Victoria,Mornington Peninsula,Australia
23,-38.22,145.04,11,11,11,11,-38.21792,145.03876,Mornington,Victoria,Mornington Peninsula,Australia
24,-38.21,145.04,2,2,2,2,-38.21792,145.03876,Mornington,Victoria,Mornington Peninsula,Australia
25,-37.92,144.99,6,6,6,6,-37.90694,145.00528,North Brighton,Victoria,Bayside,Australia
26,-37.89,145.08,1,1,1,1,-37.89023,145.07112,Murrumbeena,Victoria,Glen Eira,Australia
27,-37.87,144.97,21,21,21,21,-37.85988,144.97108,St Kilda West,Victoria,Port Phillip,Australia
28,-37.87,144.98,10,10,10,10,-37.8676,144.98099,Saint Kilda,Victoria,Port Phillip,Australia
29,-37.86,144.96,2,2,2,2,-37.85116,144.96201,Middle Park,Victoria,Port Phillip,Australia
30,-37.86,144.97,4,4,4,4,-37.85988,144.97108,St Kilda West,Victoria,Port Phillip,Australia
31,-37.86,144.98,2,2,2,2,-37.8676,144.98099,Saint Kilda,Victoria,Port Phillip,Australia
32,-37.85,144.99,2,2,2,2,-37.85344,144.99241,Windsor,Victoria,,Australia
33,-37.84,144.97,1,1,1,1,-37.83333,144.96667,South Melbourne,Victoria,Port Phillip,Australia
34,-37.84,144.98,3,3,3,3,-37.83333,144.96667,South Melbourne,Victoria,Port Phillip,Australia
35,-37.84,144.99,1,1,1,1,-37.83333,145,Albert Park,Victoria,,Australia
36,-37.83,144.95,5,5,5,5,-37.83961,144.94228,Port Melbourne,Victoria,Port Phillip,Australia
37,-37.83,144.97,10,10,10,10,-37.83333,144.96667,South Melbourne,Victoria,Port Phillip,Australia
38,-37.83,144.98,8,8,8,8,-37.83333,144.96667,South Melbourne,Victoria,Port Phillip,Australia
39,-37.82,144.93,11,11,11,11,-37.8149,144.95052,Docklands,Victoria,Melbourne,Australia
40,-37.82,144.94,11,11,11,11,-37.8149,144.95052,Docklands,Victoria,Melbourne,Australia
41,-37.82,144.95,17,17,17,17,-37.8149,144.95052,Docklands,Victoria,Melbourne,Australia
42,-37.82,144.96,17,17,17,17,-37.8228,144.96434,Southbank,Victoria,Melbourne,Australia
43,-37.82,144.97,62,62,62,62,-37.8228,144.96434,Southbank,Victoria,Melbourne,Australia
44,-37.81,144.95,10,10,10,10,-37.81014,144.95,West Melbourne,Victoria,Melbourne,Australia
45,-37.81,144.96,118,118,118,118,-37.814,144.96332,Melbourne,Victoria,Melbourne,Australia
46,-37.81,144.97,59,59,59,59,-37.814,144.96332,Melbourne,Victoria,Melbourne,Australia
47,-37.81,144.98,2,2,2,2,-37.81667,144.9879,East Melbourne,Victoria,Melbourne,Australia
48,-37.8,144.96,80,80,80,80,-37.8,144.96667,Carlton,Victoria,,Australia
49,-37.8,144.97,9,9,9,9,-37.8,144.96667,Carlton,Victoria,,Australia
50,-37.8,144.98,34,34,34,34,-37.79839,144.97833,Fitzroy,Victoria,Yarra,Australia
51,-37.8,145.03,7,7,7,7,-37.80639,145.03086,Kew,Victoria,Boroondara,Australia
52,-37.79,145.03,1,1,1,1,-37.78333,145.03333,Alphington,Victoria,,Australia
53,-37.78,144.91,6,6,6,6,-37.78333,144.91667,Ascot Vale,Victoria,Melbourne,Australia
54,-37.78,144.92,1,1,1,1,-37.78333,144.91667,Ascot Vale,Victoria,Melbourne,Australia
55,-37.73,144.85,1,1,1,1,-37.72025,144.85422,Keilor Park,Victoria,Brimbank,Australia
56,-37.69,144.73,1,1,1,1,-37.69047,144.74172,Hillside,Victoria,Melton,Australia
57,-37.69,145.47,6,6,6,6,-37.7,145.51667,Badger Creek,Victoria,Yarra Ranges,Australia
58,-37.68,144.85,3,3,3,3,-37.67604,144.88701,Westmeadows,Victoria,Hume,Australia
59,-37.67,144.85,5,5,5,5,-37.66955,144.88675,Attwood,Victoria,Hume,Australia
60,-37.62,145.27,1,1,1,1,-37.60151,145.27235,Saint Andrews,Victoria,Nillumbik,Australia
61,-37.54,144.76,1,1,1,1,-37.57742,144.72607,Sunbury,Victoria,Hume,Australia
62,-35.56,138.2,1,1,1,1,-35.44781,138.31495,Normanville,South Australia,Yankalilla,Australia
63,-35.56,138.22,1,1,1,1,-35.44781,138.31495,Normanville,South Australia,Yankalilla,Australia
64,-35.52,138.19,3,3,3,3,-35.44781,138.31495,Normanville,South Australia,Yankalilla,Australia
65,-35.51,138.21,7,7,7,7,-35.44781,138.31495,Normanville,South Australia,Yankalilla,Australia
66,-35.51,138.22,2,2,2,2,-35.44781,138.31495,Normanville,South Australia,Yankalilla,Australia
67,-35.51,138.26,1,1,1,1,-35.44781,138.31495,Normanville,South Australia,Yankalilla,Australia
68,-35.49,138.28,1,1,1,1,-35.44781,138.31495,Normanville,South Australia,Yankalilla,Australia
69,-35.48,138.28,3,3,3,3,-35.44781,138.31495,Normanville,South Australia,Yankalilla,Australia
70,-35.45,138.32,2,2,2,2,-35.44781,138.31495,Normanville,South Australia,Yankalilla,Australia
71,-35.43,138.32,11,11,11,11,-35.44781,138.31495,Normanville,South Australia,Yankalilla,Australia
72,-35.42,138.32,3,3,3,3,-35.44781,138.31495,Normanville,South Australia,Yankalilla,Australia
73,-35.4,138.42,1,1,1,1,-35.44781,138.31495,Normanville,South Australia,Yankalilla,Australia
74,-35.36,138.46,1,1,1,1,-35.28333,138.48333,Aldinga,South Australia,Onkaparinga,Australia
75,-35.35,138.45,1,1,1,1,-35.27792,138.4523,Port Willunga,South Australia,Onkaparinga,Australia
76,-35.35,138.46,2,2,2,2,-35.28333,138.48333,Aldinga,South Australia,Onkaparinga,Australia
77,-35.29,136.91,1,1,1,1,-35.11667,137.65,Honiton,South Australia,Yorke Peninsula,Australia
78,-35.28,136.89,1,1,1,1,-35.11667,137.65,Honiton,South Australia,Yorke Peninsula,Australia
79,-35.28,136.93,1,1,1,1,-35.11667,137.65,Honiton,South Australia,Yorke Peninsula,Australia
80,-35.27,136.89,1,1,1,1,-35.11667,137.65,Honiton,South Australia,Yorke Peninsula,Australia
81,-35.19,136.86,10,10,10,10,-35.11667,137.65,Honiton,South Australia,Yorke Peninsula,Australia
82,-35.19,136.87,8,8,8,8,-35.11667,137.65,Honiton,South Australia,Yorke Peninsula,Australia
83,-35.19,136.88,7,7,7,7,-35.11667,137.65,Honiton,South Australia,Yorke Peninsula,Australia
84,-35.19,136.9,1,1,1,1,-35.11667,137.65,Honiton,South Australia,Yorke Peninsula,Australia
85,-35.18,136.89,1,1,1,1,-35.11667,137.65,Honiton,South Australia,Yorke Peninsula,Australia
86,-35.16,138.47,7,7,7,7,-35.14802,138.47099,Port Noarlunga,South Australia,Adelaide,Australia
87,-34.99,137.4,1,1,1,1,-35.11667,137.65,Honiton,South Australia,Yorke Peninsula,Australia
88,-34.98,138.51,4,4,4,4,-34.98079,138.515,Glenelg,South Australia,Adelaide,Australia
89,-34.96,137.4,2,2,2,2,-35.11667,137.65,Honiton,South Australia,Yorke Peninsula,Australia
90,-34.95,137.36,1,1,1,1,-35.11667,137.65,Honiton,South Australia,Yorke Peninsula,Australia
91,-34.95,137.4,11,11,11,11,-35.11667,137.65,Honiton,South Australia,Yorke Peninsula,Australia
92,-34.94,137.4,4,4,4,4,-35.11667,137.65,Honiton,South Australia,Yorke Peninsula,Australia
93,-34.93,137.41,1,1,1,1,-35.11667,137.65,Honiton,South Australia,Yorke Peninsula,Australia
94,-34.92,137.06,1,1,1,1,-34.49722,137.48534,Port Victoria,South Australia,Yorke Peninsula,Australia
95,-34.92,138.49,15,15,15,15,-34.92029,138.49442,Henley Beach,South Australia,Charles Sturt,Australia
96,-34.92,138.6,3,3,3,3,-34.92866,138.59863,Adelaide,South Australia,Adelaide,Australia
97,-34.92,138.61,37,37,37,37,-34.92866,138.59863,Adelaide,South Australia,Adelaide,Australia
98,-34.77,137.6,1,1,1,1,-34.49722,137.48534,Port Victoria,South Australia,Yorke Peninsula,Australia
99,-34.77,138.59,3,3,3,3,-34.76667,138.63333,Salisbury,South Australia,Salisbury,Australia
100,-34.67,137.49,44,44,44,44,-34.49722,137.48534,Port Victoria,South Australia,Yorke Peninsula,Australia
101,-34.67,137.5,1,1,1,1,-34.49722,137.48534,Port Victoria,South Australia,Yorke Peninsula,Australia
102,-34.55,137.85,1,1,1,1,-34.42217,137.91907,Ardrossan,South Australia,Yorke Peninsula,Australia
103,-34.47,137.9,1,1,1,1,-34.42217,137.91907,Ardrossan,South Australia,Yorke Peninsula,Australia
104,-34.12,138.12,2,2,2,2,-34.14542,138.41148,Balaklava,South Australia,Wakefield,Australia
105,-33.93,151.18,2,2,2,2,-33.92598,151.19347,Mascot,New South Wales,Botany Bay,Australia
106,-33.91,151.27,3,3,3,3,-33.90198,151.26556,Bronte,New South Wales,Waverley,Australia
107,-33.9,151.27,14,14,14,14,-33.90198,151.26556,Bronte,New South Wales,Waverley,Australia
108,-33.9,151.28,2,2,2,2,-33.89103,151.27157,Bondi Beach,New South Wales,Waverley,Australia
109,-33.89,151.27,17,17,17,17,-33.89103,151.27157,Bondi Beach,New South Wales,Waverley,Australia
110,-33.89,151.28,17,17,17,17,-33.88533,151.27522,North Bondi,New South Wales,Waverley,Australia
111,-33.88,151.2,1,1,1,1,-33.88333,151.2,Haberfield,New South Wales,City of Sydney,Australia
112,-33.88,151.21,4,4,4,4,-33.87868,151.20526,Haymarket,New South Wales,City of Sydney,Australia
113,-33.87,151.2,8,8,8,8,-33.86785,151.20732,Sydney,New South Wales,City of Sydney,Australia
114,-33.87,151.21,33,33,33,33,-33.86785,151.20732,Sydney,New South Wales,City of Sydney,Australia
115,-33.87,151.22,5,5,5,5,-33.87939,151.21925,Darlinghurst,New South Wales,City of Sydney,Australia
116,-33.86,151.2,2,2,2,2,-33.8571,151.19282,Balmain East,New South Wales,Leichhardt,Australia
117,-33.86,151.21,19,19,19,19,-33.86785,151.20732,Sydney,New South Wales,City of Sydney,Australia
118,-33.86,151.22,8,8,8,8,-33.84867,151.2162,Kirribilli,New South Wales,North Sydney,Australia
119,-33.85,151.2,2,2,2,2,-33.8571,151.19282,Balmain East,New South Wales,Leichhardt,Australia
120,-33.85,151.21,18,18,18,18,-33.846,151.21192,Milsons Point,New South Wales,North Sydney,Australia
121,-28.65,153.61,5,5,5,5,-28.64201,153.61194,Byron Bay,New South Wales,Byron Shire,Australia
122,-28.64,153.61,24,24,24,24,-28.64201,153.61194,Byron Bay,New South Wales,Byron Shire,Australia
123,-28.0,153.42,2,2,2,2,-28.00274,153.42999,Surfers Paradise,Queensland,Gold Coast,Australia
124,-28.0,153.43,2,2,2,2,-28.00029,153.43088,Gold Coast,Queensland,Gold Coast,Australia
125,-27.99,153.42,3,3,3,3,-27.97879,153.4266,Main Beach,Queensland,Gold Coast,Australia
126,-27.99,153.43,4,4,4,4,-28.00029,153.43088,Gold Coast,Queensland,Gold Coast,Australia
127,-27.98,153.43,2,2,2,2,-27.97879,153.4266,Main Beach,Queensland,Gold Coast,Australia
128,-27.55,153.14,1,1,1,1,-27.55584,153.14701,Burbank,Queensland,Brisbane,Australia
129,-27.48,153.02,7,7,7,7,-27.48034,153.02049,South Brisbane,Queensland,Brisbane,Australia
130,-27.48,153.03,3,3,3,3,-27.48034,153.02049,South Brisbane,Queensland,Brisbane,Australia
131,-27.47,153.03,3,3,3,3,-27.46794,153.02809,Brisbane,Queensland,Brisbane,Australia
132,-27.43,153.08,1,1,1,1,-27.43154,153.058,Ascot,Queensland,Brisbane,Australia
133,-27.43,153.09,2,2,2,2,-27.43154,153.058,Ascot,Queensland,Brisbane,Australia
134,-27.38,153.12,1,1,1,1,-27.32759,153.08161,Shorncliffe,Queensland,Brisbane,Australia
135,-26.77,153.04,5,5,5,5,-26.78436,153.09218,Little Mountain,Queensland,Sunshine Coast,Australia
136,-26.77,153.09,1,1,1,1,-26.78436,153.09218,Little Mountain,Queensland,Sunshine Coast,Australia
137,-26.4,153.09,1,1,1,1,-26.39433,153.0901,Noosa Heads,Queensland,Sunshine Coast,Australia
138,-26.39,153.08,2,2,2,2,-26.39433,153.0901,Noosa Heads,Queensland,Sunshine Coast,Australia
139,-26.39,153.09,21,21,21,21,-26.39433,153.0901,Noosa Heads,Queensland,Sunshine Coast,Australia
140,-26.38,153.09,4,4,4,4,-26.39433,153.0901,Noosa Heads,Queensland,Sunshine Coast,Australia
141,-26.38,153.1,12,12,12,12,-26.39433,153.0901,Noosa Heads,Queensland,Sunshine Coast,Australia
142,-26.38,153.11,2,2,2,2,-26.39433,153.0901,Noosa Heads,Queensland,Sunshine Coast,Australia
143,-26.38,153.12,9,9,9,9,-26.39433,153.0901,Noosa Heads,Queensland,Sunshine Coast,Australia
144,-25.81,153.04,1,1,1,1,-25.90432,153.09174,Rainbow Beach,Queensland,Gympie Regional Council,Australia
145,-25.8,153.05,3,3,3,3,-25.90432,153.09174,Rainbow Beach,Queensland,Gympie Regional Council,Australia
146,-25.79,153.08,1,1,1,1,-25.90432,153.09174,Rainbow Beach,Queensland,Gympie Regional Council,Australia
147,-25.77,153.09,1,1,1,1,-25.90432,153.09174,Rainbow Beach,Queensland,Gympie Regional Council,Australia
148,-25.74,153.08,1,1,1,1,-25.90432,153.09174,Rainbow Beach,Queensland,Gympie Regional Council,Australia
149,-25.51,153.13,5,5,5,5,-25.29214,152.90535,Urangan,Queensland,Fraser Coast,Australia
150,-25.5,153.11,1,1,1,1,-25.29214,152.90535,Urangan,Queensland,Fraser Coast,Australia
151,-25.49,153.09,1,1,1,1,-25.29214,152.90535,Urangan,Queensland,Fraser Coast,Australia
152,-25.48,153.07,1,1,1,1,-25.29214,152.90535,Urangan,Queensland,Fraser Coast,Australia
153,-25.48,153.14,1,1,1,1,-25.29214,152.90535,Urangan,Queensland,Fraser Coast,Australia
154,-25.47,153.05,1,1,1,1,-25.29214,152.90535,Urangan,Queensland,Fraser Coast,Australia
155,-25.47,153.06,1,1,1,1,-25.29214,152.90535,Urangan,Queensland,Fraser Coast,Australia
156,-25.47,153.07,4,4,4,4,-25.29214,152.90535,Urangan,Queensland,Fraser Coast,Australia
157,-25.46,153.15,1,1,1,1,-25.29214,152.90535,Urangan,Queensland,Fraser Coast,Australia
158,-25.45,153.05,23,23,23,23,-25.29214,152.90535,Urangan,Queensland,Fraser Coast,Australia
159,-25.44,153.05,1,1,1,1,-25.29214,152.90535,Urangan,Queensland,Fraser Coast,Australia
160,-25.3,153.22,12,12,12,12,-25.29214,152.90535,Urangan,Queensland,Fraser Coast,Australia
161,-25.27,153.24,1,1,1,1,-25.29214,152.90535,Urangan,Queensland,Fraser Coast,Australia
162,-25.24,153.25,8,8,8,8,-25.29214,152.90535,Urangan,Queensland,Fraser Coast,Australia
163,-24.07,136.55,1,1,1,1,-23.69748,133.88362,Alice Springs,Northern Territory,Alice Springs,Australia
164,-23.61,150.86,0,1,1,1,-23.38032,150.50595,Rockhampton,Queensland,Rockhampton,Australia
165,-22.06,148.31,1,1,1,1,-22.00163,148.04661,Moranbah,Queensland,Isaac,Australia
166,-20.82,148.96,1,1,1,1,-21.16097,149.05814,Walkerston,Queensland,Mackay,Australia
167,-20.5,148.59,1,1,1,1,-20.4011,148.5802,Proserpine,Queensland,Whitsunday,Australia
168,-20.49,148.55,7,7,7,7,-20.4011,148.5802,Proserpine,Queensland,Whitsunday,Australia
169,-20.49,148.56,1,1,1,1,-20.4011,148.5802,Proserpine,Queensland,Whitsunday,Australia
170,-20.49,148.6,1,1,1,1,-20.4011,148.5802,Proserpine,Queensland,Whitsunday,Australia
171,-20.48,148.6,1,1,1,1,-20.4011,148.5802,Proserpine,Queensland,Whitsunday,Australia
172,-20.47,148.51,1,1,1,1,-20.4011,148.5802,Proserpine,Queensland,Whitsunday,Australia
173,-20.46,148.53,1,1,1,1,-20.4011,148.5802,Proserpine,Queensland,Whitsunday,Australia
174,-20.45,148.67,1,1,1,1,-20.4011,148.5802,Proserpine,Queensland,Whitsunday,Australia
175,-20.44,148.55,1,1,1,1,-20.4011,148.5802,Proserpine,Queensland,Whitsunday,Australia
176,-20.42,148.7,3,3,3,3,-20.4011,148.5802,Proserpine,Queensland,Whitsunday,Australia
177,-20.4,148.4,1,1,1,1,-20.31667,148.5,Red Hill,Queensland,Whitsunday,Australia
178,-20.4,148.76,1,1,1,1,-20.4011,148.5802,Proserpine,Queensland,Whitsunday,Australia
179,-20.38,148.57,1,1,1,1,-20.4011,148.5802,Proserpine,Queensland,Whitsunday,Australia
180,-20.38,148.81,2,2,2,2,-20.4011,148.5802,Proserpine,Queensland,Whitsunday,Australia
181,-20.38,148.83,1,1,1,1,-20.4011,148.5802,Proserpine,Queensland,Whitsunday,Australia
182,-20.37,148.55,1,1,1,1,-20.4011,148.5802,Proserpine,Queensland,Whitsunday,Australia
183,-20.35,148.88,1,1,1,1,-20.4011,148.5802,Proserpine,Queensland,Whitsunday,Australia
184,-20.34,148.64,1,1,1,1,-20.4011,148.5802,Proserpine,Queensland,Whitsunday,Australia
185,-20.34,148.9,2,2,2,2,-20.4011,148.5802,Proserpine,Queensland,Whitsunday,Australia
186,-20.33,148.92,1,1,1,1,-20.4011,148.5802,Proserpine,Queensland,Whitsunday,Australia
187,-20.33,148.93,1,1,1,1,-20.4011,148.5802,Proserpine,Queensland,Whitsunday,Australia
188,-20.32,148.94,1,1,1,1,-20.4011,148.5802,Proserpine,Queensland,Whitsunday,Australia
189,-20.3,148.91,1,1,1,1,-20.4011,148.5802,Proserpine,Queensland,Whitsunday,Australia
190,-20.3,148.98,2,2,2,2,-20.4011,148.5802,Proserpine,Queensland,Whitsunday,Australia
191,-20.29,148.72,1,1,1,1,-20.4011,148.5802,Proserpine,Queensland,Whitsunday,Australia
192,-20.29,149.05,5,5,5,5,-20.4011,148.5802,Proserpine,Queensland,Whitsunday,Australia
193,-20.29,149.07,1,1,1,1,-20.4011,148.5802,Proserpine,Queensland,Whitsunday,Australia
194,-20.27,148.71,44,44,44,44,-20.4011,148.5802,Proserpine,Queensland,Whitsunday,Australia
195,-20.27,148.72,42,42,42,42,-20.4011,148.5802,Proserpine,Queensland,Whitsunday,Australia
196,-20.27,149.04,1,1,1,1,-20.4011,148.5802,Proserpine,Queensland,Whitsunday,Australia
197,-20.26,148.71,15,15,15,15,-20.4011,148.5802,Proserpine,Queensland,Whitsunday,Australia
198,-20.26,148.72,1,1,1,1,-20.4011,148.5802,Proserpine,Queensland,Whitsunday,Australia
199,-20.26,149.0,4,4,4,4,-20.4011,148.5802,Proserpine,Queensland,Whitsunday,Australia
200,-20.25,148.77,1,1,1,1,-20.4011,148.5802,Proserpine,Queensland,Whitsunday,Australia
201,-20.25,148.82,1,1,1,1,-20.4011,148.5802,Proserpine,Queensland,Whitsunday,Australia
202,-20.25,148.83,1,1,1,1,-20.4011,148.5802,Proserpine,Queensland,Whitsunday,Australia
203,-20.25,149.0,1,1,1,1,-20.4011,148.5802,Proserpine,Queensland,Whitsunday,Australia
204,-20.25,149.02,24,24,24,24,-20.4011,148.5802,Proserpine,Queensland,Whitsunday,Australia
205,-20.24,148.74,1,1,1,1,-20.4011,148.5802,Proserpine,Queensland,Whitsunday,Australia
206,-20.24,148.75,1,1,1,1,-20.4011,148.5802,Proserpine,Queensland,Whitsunday,Australia
207,-20.24,148.78,2,2,2,2,-20.4011,148.5802,Proserpine,Queensland,Whitsunday,Australia
208,-20.24,149.02,16,16,16,16,-20.4011,148.5802,Proserpine,Queensland,Whitsunday,Australia
209,-20.24,149.03,7,7,7,7,-20.4011,148.5802,Proserpine,Queensland,Whitsunday,Australia
210,-20.23,148.74,1,1,1,1,-20.4011,148.5802,Proserpine,Queensland,Whitsunday,Australia
211,-20.23,148.75,2,2,2,2,-20.4011,148.5802,Proserpine,Queensland,Whitsunday,Australia
212,-20.23,149.04,1,1,1,1,-20.4011,148.5802,Proserpine,Queensland,Whitsunday,Australia
213,-20.2,149.01,1,1,1,1,-20.4011,148.5802,Proserpine,Queensland,Whitsunday,Australia
214,-20.19,148.93,3,3,3,3,-20.4011,148.5802,Proserpine,Queensland,Whitsunday,Australia
215,-20.16,148.83,6,6,6,6,-20.4011,148.5802,Proserpine,Queensland,Whitsunday,Australia
216,-20.16,148.96,1,1,1,1,-20.4011,148.5802,Proserpine,Queensland,Whitsunday,Australia
217,-20.15,149.03,1,1,1,1,-20.4011,148.5802,Proserpine,Queensland,Whitsunday,Australia
218,-20.14,148.86,2,2,2,2,-20.4011,148.5802,Proserpine,Queensland,Whitsunday,Australia
219,-20.14,149.04,1,1,1,1,-20.4011,148.5802,Proserpine,Queensland,Whitsunday,Australia
220,-20.13,148.86,1,1,1,1,-20.4011,148.5802,Proserpine,Queensland,Whitsunday,Australia
221,-20.13,149.04,1,1,1,1,-20.4011,148.5802,Proserpine,Queensland,Whitsunday,Australia
222,-20.12,148.88,2,2,2,2,-20.4011,148.5802,Proserpine,Queensland,Whitsunday,Australia
223,-20.12,149.05,1,1,1,1,-20.4011,148.5802,Proserpine,Queensland,Whitsunday,Australia
224,-20.11,148.89,1,1,1,1,-20.4011,148.5802,Proserpine,Queensland,Whitsunday,Australia
225,-20.1,148.9,30,30,30,30,-20.4011,148.5802,Proserpine,Queensland,Whitsunday,Australia
226,-20.09,148.89,2,2,2,2,-20.4011,148.5802,Proserpine,Queensland,Whitsunday,Australia
227,-20.09,148.9,1,1,1,1,-20.4011,148.5802,Proserpine,Queensland,Whitsunday,Australia
228,-19.99,149.12,2,2,2,2,-20.4011,148.5802,Proserpine,Queensland,Whitsunday,Australia
229,-19.96,149.04,1,1,1,1,-20.4011,148.5802,Proserpine,Queensland,Whitsunday,Australia
230,-19.96,149.14,1,1,1,1,-20.4011,148.5802,Proserpine,Queensland,Whitsunday,Australia
231,-19.87,149.08,2,2,2,2,-20.4011,148.5802,Proserpine,Queensland,Whitsunday,Australia
232,-19.87,149.09,1,1,1,1,-20.4011,148.5802,Proserpine,Queensland,Whitsunday,Australia
233,-19.83,149.12,1,1,1,1,-20.4011,148.5802,Proserpine,Queensland,Whitsunday,Australia
234,-19.82,149.12,1,1,1,1,-20.4011,148.5802,Proserpine,Queensland,Whitsunday,Australia
235,-19.82,149.21,1,1,1,1,-20.4011,148.5802,Proserpine,Queensland,Whitsunday,Australia
236,-19.79,149.22,1,1,1,1,-20.4011,148.5802,Proserpine,Queensland,Whitsunday,Australia
237,-19.79,149.25,1,1,1,1,-20.4011,148.5802,Proserpine,Queensland,Whitsunday,Australia
238,-19.78,149.23,1,1,1,1,-20.4011,148.5802,Proserpine,Queensland,Whitsunday,Australia
239,-19.78,149.25,1,1,1,1,-20.4011,148.5802,Proserpine,Queensland,Whitsunday,Australia
240,-19.77,149.24,1,1,1,1,-20.4011,148.5802,Proserpine,Queensland,Whitsunday,Australia
241,-19.75,149.19,1,1,1,1,-20.4011,148.5802,Proserpine,Queensland,Whitsunday,Australia
242,-8.83,115.08,13,13,13,13,-8.8323,115.1247,Pecatu,Bali,,Indonesia
243,-8.83,115.09,15,15,15,15,-8.8323,115.1247,Pecatu,Bali,,Indonesia
244,-8.82,115.09,2,2,2,2,-8.8323,115.1247,Pecatu,Bali,,Indonesia
245,-8.81,115.09,3,3,3,3,-8.8323,115.1247,Pecatu,Bali,,Indonesia
246,-8.81,115.1,5,5,5,5,-8.8323,115.1247,Pecatu,Bali,,Indonesia
247,-8.81,115.16,1,1,1,1,-8.79093,115.16006,Jimbaran,Bali,,Indonesia
248,-8.75,115.47,5,5,5,5,-8.736,115.4945,Pondokkaha Kelod,Bali,,Indonesia
249,-8.75,115.48,2,2,2,2,-8.736,115.4945,Pondokkaha Kelod,Bali,,Indonesia
250,-8.73,115.45,7,6,6,7,-8.706,115.4822,Sakti,Bali,,Indonesia
251,-8.71,115.47,4,4,4,4,-8.706,115.4822,Sakti,Bali,,Indonesia
252,-8.69,115.16,2,2,2,2,-8.72332,115.17234,Kuta,Bali,,Indonesia
253,-8.69,115.17,8,8,8,8,-8.72332,115.17234,Kuta,Bali,,Indonesia
254,-8.68,115.15,17,17,17,17,-8.72332,115.17234,Kuta,Bali,,Indonesia
255,-8.68,115.16,3,3,3,3,-8.72332,115.17234,Kuta,Bali,,Indonesia
256,-8.68,115.49,10,10,10,10,-8.682,115.488,Toyapakeh,Bali,,Indonesia
257,-8.68,115.51,2,2,2,2,-8.6739,115.5064,Ped,Bali,,Indonesia
258,-8.67,115.26,1,1,1,1,-8.6761,115.2579,Banjar Batanpoh,Bali,,Indonesia
259,-8.67,115.5,5,5,5,5,-8.6739,115.5064,Ped,Bali,,Indonesia
260,-8.66,115.13,8,8,8,8,-8.6185,115.1276,Banjar Kerobokan,Bali,,Indonesia
261,-8.66,115.3,1,1,1,1,-8.6329,115.284,Banjar Pasekan,Bali,,Indonesia
262,-8.65,115.12,4,4,4,4,-8.6185,115.1276,Banjar Kerobokan,Bali,,Indonesia
263,-8.65,115.13,10,10,10,10,-8.6185,115.1276,Banjar Kerobokan,Bali,,Indonesia
264,-8.65,115.49,1,1,1,1,-8.6739,115.5064,Ped,Bali,,Indonesia
265,-8.64,115.1,10,10,10,10,-8.6185,115.1276,Banjar Kerobokan,Bali,,Indonesia
266,-8.64,115.14,1,1,1,1,-8.616,115.1448,Banjar Gunungpande,Bali,,Indonesia
267,-8.62,115.09,12,12,12,12,-8.6026,115.1053,Banjar Batanbuah,Bali,,Indonesia
268,-8.61,115.11,1,1,1,1,-8.6026,115.1053,Banjar Batanbuah,Bali,,Indonesia
269,-8.52,115.26,27,27,27,27,-8.5098,115.2654,Ubud,Bali,Kabupaten Gianyar,Indonesia
270,-8.51,115.26,4,4,4,4,-8.5098,115.2654,Ubud,Bali,Kabupaten Gianyar,Indonesia
271,-8.48,115.26,14,14,14,14,-8.4649,115.248,Bunutan,Bali,,Indonesia
272,-8.46,115.27,19,19,19,19,-8.452,115.262,Banjar Triwangsakeliki,Bali,,Indonesia
273,-8.46,115.28,1,1,1,1,-8.4509,115.2895,Banjar Tengah,Bali,,Indonesia
274,-8.43,115.28,32,32,32,32,-8.4366,115.2792,Tegalalang,Bali,,Indonesia
275,-8.42,115.32,3,3,3,3,-8.4083,115.3124,Banjar Manukayaanyar,Bali,,Indonesia
276,-8.41,115.28,1,1,1,1,-8.4008,115.2886,Banjar Dujung Kaja,Bali,,Indonesia
277,-8.41,115.29,8,8,8,8,-8.4008,115.2886,Banjar Dujung Kaja,Bali,,Indonesia
278,-8.41,115.32,14,14,14,14,-8.4083,115.3124,Banjar Manukayaanyar,Bali,,Indonesia
279,-8.28,115.35,1,1,1,1,-8.2799,115.3809,Banjar Kedisan,Bali,,Indonesia
280,-8.28,115.36,3,3,3,3,-8.2799,115.3809,Banjar Kedisan,Bali,,Indonesia
281,-8.28,115.38,1,1,1,1,-8.2799,115.3809,Banjar Kedisan,Bali,,Indonesia
282,-8.27,115.38,2,2,2,2,-8.2799,115.3809,Banjar Kedisan,Bali,,Indonesia
283,-8.26,115.39,2,2,2,2,-8.2799,115.3809,Banjar Kedisan,Bali,,Indonesia
284,-8.25,115.4,11,11,11,11,-8.2524,115.4255,Banjar Trunyan,Bali,,Indonesia
285,9.14,123.51,17,17,17,17,9.1603,123.4926,San Juan,Central Visayas,Province of Siquijor,Philippines
286,9.15,123.5,1,1,1,1,9.1603,123.4926,San Juan,Central Visayas,Province of Siquijor,Philippines
287,9.16,123.49,18,18,18,18,9.1603,123.4926,San Juan,Central Visayas,Province of Siquijor,Philippines
288,9.17,123.48,1,1,1,1,9.1603,123.4926,San Juan,Central Visayas,Province of Siquijor,Philippines
289,9.18,123.46,9,9,9,9,9.1603,123.4926,San Juan,Central Visayas,Province of Siquijor,Philippines
290,9.18,123.47,1,1,1,1,9.1603,123.4926,San Juan,Central Visayas,Province of Siquijor,Philippines
291,9.25,123.59,1,1,1,1,9.24528,123.59389,Larena,Central Visayas,Province of Siquijor,Philippines
292,9.27,123.56,1,1,1,1,9.24528,123.59389,Larena,Central Visayas,Province of Siquijor,Philippines
293,9.33,123.46,1,1,1,1,9.2142,123.515,Siquijor,Central Visayas,Province of Siquijor,Philippines
294,9.99,123.37,1,1,1,1,9.98517,123.37158,Saavedra,Central Visayas,Province of Cebu,Philippines
295,10.11,123.67,1,1,1,1,10.1169,123.6738,Perrelos,Central Visayas,Province of Cebu,Philippines
296,10.3,123.9,2,2,2,2,10.3,123.88333,Calero,Central Visayas,Cebu City,Philippines
297,14.55,120.99,1,1,1,1,14.5833,120.9667,Port Area,Metro Manila,City of Manila,Philippines
298,31.11,121.8,4,4,4,4,31.02917,121.84306,Laogang,Shanghai Shi,,China
299,31.15,121.8,4,4,4,4,31.02917,121.84306,Laogang,Shanghai Shi,,China
300,31.16,121.8,1,1,1,1,31.02917,121.84306,Laogang,Shanghai Shi,,China
301,31.24,121.48,15,15,15,15,31.25,121.48917,Hongkou,Shanghai Shi,,China
302,31.24,121.49,12,12,12,12,31.25,121.48917,Hongkou,Shanghai Shi,,China
303,40.76,-73.98,1,0,0,1,40.78343,-73.96625,Manhattan,New York,New York County,United States
304,40.78,-73.96,1,0,0,1,40.78343,-73.96625,Manhattan,New York,New York County,United States
305,43.94,113.91,0,1,1,1,43.84028,113.71556,Mandalt,Inner Mongolia,,China
306,44.0,1.4,8,8,8,8,43.96712,1.42549,Saint-Nauphary,Midi-Pyrenees,Departement du Tarn-et-Garonne,France
307,44.02,1.35,1,1,1,1,44.01667,1.35,Montauban,Midi-Pyrenees,Departement du Tarn-et-Garonne,France
308,44.21,0.62,4,4,4,4,44.2,0.63333,Agen,Aquitaine,Departement du Lot-et-Garonne,France
309,48.73,2.27,2,2,2,2,48.72692,2.28301,Massy,Ile-de-France,Departement de l'Essonne,France
310,48.73,2.28,22,22,22,22,48.72692,2.28301,Massy,Ile-de-France,Departement de l'Essonne,France
311,48.75,2.3,2,2,2,2,48.75,2.3,Antony,Ile-de-France,Departement des Hauts-de-Seine,France
312,48.75,2.33,1,1,1,1,48.75568,2.32241,Fresnes,Ile-de-France,Departement du Val-de-Marne,France
313,48.78,2.22,3,3,3,3,48.75772,2.21881,Bievres,Ile-de-France,Departement de l'Essonne,France
314,48.78,2.3,1,1,1,1,48.77644,2.29026,Sceaux,Ile-de-France,Departement des Hauts-de-Seine,France
315,48.78,2.46,1,1,1,1,48.78333,2.46667,Creteil,Ile-de-France,Departement du Val-de-Marne,France
316,48.84,2.32,5,5,5,5,48.8162,2.31393,Montrouge,Ile-de-France,Departement des Hauts-de-Seine,France
317,48.85,2.29,4,4,4,4,48.82345,2.29025,Vanves,Ile-de-France,Departement des Hauts-de-Seine,France
318,48.85,2.34,1,1,1,1,48.85341,2.3488,Paris,Ile-de-France,Paris,France
319,48.86,2.23,2,2,2,2,48.87143,2.22929,Suresnes,Ile-de-France,Departement des Hauts-de-Seine,France
320,48.86,2.35,1,1,1,1,48.85341,2.3488,Paris,Ile-de-France,Paris,France
321,48.87,2.31,1,1,1,1,48.90018,2.30952,Clichy,Ile-de-France,Departement des Hauts-de-Seine,France
322,48.87,2.34,2,1,1,2,48.85341,2.3488,Paris,Ile-de-France,Paris,France
323,48.87,2.35,4,4,4,4,48.85341,2.3488,Paris,Ile-de-France,Paris,France
324,48.87,2.36,2,2,2,2,48.85341,2.3488,Paris,Ile-de-France,Paris,France
325,48.88,2.25,30,0,30,30,48.88341,2.23894,Puteaux,Ile-de-France,Departement des Hauts-de-Seine,France
326,48.88,2.3,4,4,4,4,48.89389,2.28864,Levallois-Perret,Ile-de-France,Departement des Hauts-de-Seine,France
327,48.89,2.26,1,1,1,1,48.89672,2.25666,Courbevoie,Ile-de-France,Departement des Hauts-de-Seine,France
328,48.9,2.28,2,2,2,2,48.89389,2.28864,Levallois-Perret,Ile-de-France,Departement des Hauts-de-Seine,France
329,49.0,2.58,2,2,2,2,48.98333,2.61667,Mitry-Mory,Ile-de-France,Departement de Seine-et-Marne,France
330,49.01,2.54,1,0,0,1,49.00443,2.51703,Roissy-en-France,Ile-de-France,Departement du Val-d'Oise,France
331,50.57,5.57,6,6,6,6,50.53596,5.56775,Esneux,Wallonia,Province de Liege,Belgium
332,50.62,5.57,1,1,1,1,50.63373,5.56749,Liege,Wallonia,Province de Liege,Belgium
333,50.84,4.35,14,14,14,14,50.85045,4.34878,Brussels,Brussels Capital,Bruxelles-Capitale,Belgium
334,50.85,4.35,31,31,31,31,50.85045,4.34878,Brussels,Brussels Capital,Bruxelles-Capitale,Belgium
335,50.85,4.36,2,2,2,2,50.85045,4.34878,Brussels,Brussels Capital,Bruxelles-Capitale,Belgium
336,56.97,14.02,0,1,1,1,56.91667,13.98333,Lagan,Kronoberg,Ljungby Kommun,Sweden
